Assignments --->,Sarah Chen,Marcus Rodriguez,Priya Patel,James Sullivan
Use Case ID --->,1,2,3,4
Use Case --->,Spatial Intelligence & Monitoring,Behavioral Analytics & Prediction,Autonomous Service Dispatch,Infrastructure Command & Control
Multi-Camera 3D Scene Reconstruction,250,25,25,25
Digital Twin Generation,250,5,25,250
Pedestrian Density Heatmapping,250,250,25,25
Movement Pattern Correlation,25,250,25,25
Transaction Pattern Analysis,5,250,5,25
Proximity Event Logging,25,250,5,5
Emergency Drone Deployment,5,5,250,25
Patrol Route Optimization,25,25,250,25
Automated Debris Collection,5,5,250,250
Cross-Utility Resource Balancing,25,25,25,250
Fleet Traffic Coordination,25,25,250,250
Predictive Failure Detection,25,25,25,250
